CATEGORY,LINK,TITLE,AUTHOR,DATE,PUBLISHED_IN
Books,https://yalereview.org/article/maggie-doherty-more-than-magazines,"10 Ways Ms., Sassy, and Jezebel Changed Your Life!",Maggie Doherty,"September 18, 2023",See this issue
Books,https://yalereview.org/article/emily-greenwood-emily-wilson-the-iliad,How Emily Wilson Reimagined Homer,Emily Greenwood,"September 18, 2023",See this issue
The Moment,https://yalereview.org/article/becca-rothfeld-public-intellectuals,In the Shallows,Becca Rothfeld,"September 18, 2023",See this issue
Essays,https://yalereview.org/article/alec-pollak-lorraine-hansberry-queer-archive,Lorraine Hansberry’s Queer Archive,Alec Pollak,"September 18, 2023",See this issue
Books,https://yalereview.org/article/sanjena-sathian-choice-plot,The Choice Plot,Sanjena Sathian,"September 18, 2023",See this issue
Essays,https://yalereview.org/article/anna-hartford-unfathomable-life,Unfathomable Life,Anna Hartford,"September 18, 2023",See this issue
Television and Film,https://yalereview.org/article/daniel-w-drezner-service-servitude,Service or Servitude?,Daniel W. Drezner,"September 12, 2023",
Essays,https://yalereview.org/article/percival-everett-abstraction-nonsense,Abstraction and Nonsense,Percival Everett,"June 12, 2023",See this issue
Essays,https://yalereview.org/article/kamran-javadizadeh-ahead-time,Ahead of Time,Kamran Javadizadeh,"June 12, 2023",See this issue
Essays,https://yalereview.org/article/azareen-van-der-vliet-oloomi-baldwin-turkey,James Baldwin in Turkey,Azareen Van der Vliet Oloomi,"June 12, 2023",See this issue
Essays,https://yalereview.org/article/rachel-eisendrath-new-york-anabasis,New York Anabasis,Rachel Eisendrath,"June 12, 2023",See this issue
Essays,https://yalereview.org/article/thomas-dai-notes-on-affirmation,Notes on Affirmation,Thomas Dai,"June 12, 2023",See this issue
Books,https://yalereview.org/article/elleza-kelley-ordinary-allurements,Ordinary Allurements,Elleza Kelley,"June 12, 2023",See this issue
Books,https://yalereview.org/article/jennifer-ratner-rosenhagen-consolations-failure,The Consolations of Failure,Jennifer Ratner-Rosenhagen,"June 12, 2023",See this issue
Essays,https://yalereview.org/article/emily-bernard-this-part,This Part of Our Lives Is Over,Emily Bernard,"June 12, 2023",See this issue
Essays,https://yalereview.org/article/brandon-shimoda-dream-last-night,[I had a dream last night],Brandon Shimoda,"June 5, 2023",
Folio,https://yalereview.org/article/laura-dassow-walls-attention-economy,Beyond the Attention Economy,Laura Dassow Walls,"May 23, 2023",
Folio,https://yalereview.org/article/daegan-miller-sharpen-scythe,How to Sharpen a Scythe,Daegan Miller,"May 23, 2023",
Folio,https://yalereview.org/article/ana-schwartz-sublimation-self-possession,Sublimation and Self-Possession,Ana Schwartz,"May 23, 2023",
Folio,https://yalereview.org/article/caleb-smith-saunterers-club,The Saunterers’ Club,Caleb Smith,"May 23, 2023",
Essays,https://yalereview.org/article/kate-zambreno-winter-zoo,The Winter Zoo,Kate Zambreno,"May 8, 2023",
Essays,https://yalereview.org/article/idra-novey-the-novey-scrapyard,Monstrous Hybrids and the Conjuring of Legacy,Idra Novey,"April 5, 2023",
Ideas,https://yalereview.org/article/kathryn-lofton-cancel-culture,Cancel Culture and Other Myths,Kathryn Lofton,"March 27, 2023",See this issue
Portfolio,https://yalereview.org/article/hangama-amiri-portfolio,Home Isn't One Place,Hangama Amiri,"March 27, 2023",See this issue
Books,https://yalereview.org/article/daniel-poppick-nothing-is-a-memory,Nothing Is a Memory,Daniel Poppick,"March 27, 2023",See this issue
Essays,https://yalereview.org/article/roger-reeves-ode-to-babel,Ode to Babel,Roger Reeves,"March 27, 2023",See this issue
Books,https://yalereview.org/article/brian-dillon-journalist-photographer,The Journalist and the Photographer,Brian Dillon,"March 27, 2023",See this issue
Books,https://yalereview.org/article/terrance-hayes-joel-dias-porter,The Renegade Poetic Fortune-Telling Machine,Terrance Hayes,"March 27, 2023",See this issue
The Moment,https://yalereview.org/article/jordan-kisner-on-being-hit,Throwing Punches in a Dive Bar,Jordan Kisner,"March 27, 2023",See this issue
Essays,https://yalereview.org/article/georgia-cloepfil-you-were-the-bird,You Were the Bird,Georgia Cloepfil,"March 27, 2023",See this issue
Essays,https://yalereview.org/article/garth-greenwell-philip-roth,A Moral Education,Garth Greenwell,"March 20, 2023",See this issue
Film,https://yalereview.org/article/de-leon-everything-everywhere,"All at Once, the Multiverse Is Everywhere",David M. de León,"March 9, 2023",
Books,https://yalereview.org/article/josh-cohen-ferrantes-rage,The Mother's Rage,Josh Cohen,"February 28, 2023",
Books,https://yalereview.org/article/ratik-asokan-shammas-on-arabesques,"On Anton Shammas's ""Arabesques""",Ratik Asokan,"February 20, 2023",
Books,https://yalereview.org/article/wong-may-bad-girls-book-of-animals,Wong May's Poetry of Exile,Hao Guang Tse (谢皓光),"February 6, 2023",
Tribute,https://yalereview.org/article/charles-simic-obituary-tribute-meghan-orourke,Charles Simic,Meghan O’Rourke,"January 13, 2023",
Film,https://yalereview.org/article/christine-smallwood-noah-baumbach-white-noise,"White Noise, New and Improved",Christine Smallwood,"January 9, 2023",
Essays,https://yalereview.org/article/langdon-hammer-waste-land,Eliot Among the Ruins,Langdon Hammer,"December 12, 2022",
Film,https://yalereview.org/article/will-smith-emancipation-jackson-slavery,On Emancipation,Lauren Michele Jackson,"December 9, 2022",
Essays,https://yalereview.org/article/ivan-vladislavic-faceless-compass,A Faceless Compass,Ivan Vladislavić,"December 6, 2022",See this issue
Essays,https://yalereview.org/article/ishion-hutchinson-bottle-torches,Bottle Torches,Ishion Hutchinson,"December 6, 2022",See this issue
Essays,https://yalereview.org/article/margo-jefferson-becoming-critic,Case Studies,Margo Jefferson,"December 6, 2022",See this issue
Essays,https://yalereview.org/article/tituba-winsome-pinnock,Reclaiming Tituba,Winsome Pinnock,"December 6, 2022",See this issue
Essays,https://yalereview.org/article/pankaj-mishra-remembering-benares-india-romantics-novel,Remembering Benares,Pankaj Mishra,"December 6, 2022",See this issue
Essays,https://yalereview.org/article/emmanuel-iduma-tender-light,Tender Light,Emmanuel Iduma,"December 6, 2022",See this issue
Essays,https://yalereview.org/article/sharon-bridgforth-path-river-see-ancestry-jazz,"The Path to ""River See""",Sharon Bridgforth,"December 6, 2022",See this issue
Essays,https://yalereview.org/article/carolyn-forche-rest-story-childhood-memories,The Rest of the Story,Carolyn Forché,"December 6, 2022",See this issue
Books,https://yalereview.org/article/bambi-felix-salten-tyson-disney-parable,The Darker Side of Bambi,Charlie Tyson,"November 30, 2022",
Books,https://yalereview.org/article/gabriel-nevada-trans-realism,Whose Trans Realism?,Kay Gabriel,"November 14, 2022",
Books,https://yalereview.org/article/clarice-lispector-cronicas-brazil,A Ritual for Mystery,Jared Marcel Pollen,"October 31, 2022",
Essays,https://yalereview.org/article/carl-phillips-community,Community,Carl Phillips,"October 10, 2022",
Tribute,https://yalereview.org/article/hilary-mantel-obituary-prose,Hilary Mantel,Brian Dillon,"September 27, 2022",
Essays,https://yalereview.org/article/robert-pinsky-poet-writer,Change Trains at Summit,Robert Pinsky,"September 1, 2022",See this issue
Folio,https://yalereview.org/article/uljana-wolf-dictee-hidden-words,Hidden Words,Uljana Wolf,"September 1, 2022",See this issue
Essays,https://yalereview.org/article/ukraine-russia-war-shore,Invisible Bridges,Marci Shore,"September 1, 2022",See this issue
Folio,https://yalereview.org/article/patterson-dictee-reclaiming-language,Reclaiming Our Language,Zahra Patterson,"September 1, 2022",See this issue
Folio,https://yalereview.org/article/latipa-dictee-space-grieve,Space to Grieve,Latipa,"September 1, 2022",See this issue
Essays,https://yalereview.org/article/spiritualism-covid-flu-puglionesi,Spiritualism’s Shadows,Alicia Puglionesi,"September 1, 2022",See this issue
Essays,https://yalereview.org/article/cohen-politics-anger,The Politics of Anger,Josh Cohen,"September 1, 2022",See this issue
Folio,https://yalereview.org/article/chen-dictee-introduction-cha,The Stakes of Dictee,Ken Chen,"September 1, 2022",See this issue
Folio,https://yalereview.org/article/min-dictee-cha-weight-memory,The Weight of Memory,Yong Soon Min,"September 1, 2022",See this issue
Essays,https://yalereview.org/article/online-shaming-twitter-culture-tyson,Theater of Shame,Charlie Tyson,"September 1, 2022",See this issue
Essays,https://yalereview.org/article/alsadir-true-self-choice,We Are Our Choices,Nuar Alsadir,"July 25, 2022",
Essays,https://yalereview.org/article/elizabeth-hardwick-marriage-feminism,The Feminism of Elizabeth Hardwick,Apoorva Tadepalli,"July 18, 2022",
Essays,https://yalereview.org/article/evans-akron-ohio,Akron State of Mind,William Evans,"July 11, 2022",
Folio,https://yalereview.org/article/williams-hauntology-folio,Black Hauntology: An Introduction,Phillip B. Williams,"July 11, 2022",
Essays,https://yalereview.org/article/henry-dumas-poet-death,The Ghost of Henry Dumas,Treasure Shields Redmond,"July 11, 2022",
Essays,https://yalereview.org/article/dobbs-roe-abortion-stories,The Abortion Stories We Tell,Maggie Doherty,"June 24, 2022",
Essays,https://yalereview.org/article/sarah-chihaya-anne-carson,A Glass Essay,Sarah Chihaya,"June 1, 2022",See this issue
Essays,https://yalereview.org/article/jennifer-stock-instagram-consumerism,Alice and Jean,Jennifer Stock,"June 1, 2022",See this issue
Essays,https://yalereview.org/article/hamlyn-postmortem-grief,Camera Mortis,Lili Hamlyn,"June 1, 2022",See this issue
Essays,https://yalereview.org/article/becca-rothfeld-debate,For Argument's Sake,Becca Rothfeld,"June 1, 2022",See this issue
Ideas,https://yalereview.org/article/evolutionary-psychology-culture-wars,Hard Wired,Hari Kunzru,"June 1, 2022",See this issue
The Moment,https://yalereview.org/article/covid-doctor-uncertainty-kolbe,The Physician as Patient,Laura Kolbe,"June 1, 2022",See this issue
Books,https://yalereview.org/article/terrance-hayes-tim-seibles,The Tim Seibles BOOKBIOBOARDGAME,Terrance Hayes,"June 1, 2022",See this issue
Essays,https://yalereview.org/article/violaine-huisman-father-library,My Father's Library,Violaine Huisman,"May 23, 2022",
Books,https://yalereview.org/article/sang-young-park-queer-fiction,Why So Serious?,Spencer Lee-Lenfield,"May 16, 2022",
Essays,https://yalereview.org/article/sven-birkerts-remembrance-essay,"Que Será, Será",Sven Birkerts,"April 11, 2022",
Pandemic Files,https://yalereview.org/article/lockdown-quarantine-covid-libman,Lighted Windows in Lockdown,Ben Libman,"March 14, 2022",
Essays,https://yalereview.org/article/kyiv-homeland,My Painting of Kyiv,Maria Kuznetsova,"March 12, 2022",
Folio,https://yalereview.org/article/eula-biss-ownership-folio,Ownership: An Introduction,Eula Biss,"March 1, 2022",See this issue
Books,https://yalereview.org/article/sheila-heti-autofiction-philosopher,The Sublime Modes of Sheila Heti,Noreen Khawaja,"March 1, 2022",See this issue
On Craft,https://yalereview.org/article/bogdanovich-director-death-legacy,The Art of Control,Jason Guriel,"February 21, 2022",
Essays,https://yalereview.org/article/mona-arshi-coming-to-terms,Coming to Terms,Mona Arshi,"January 24, 2022",
Essays,https://yalereview.org/article/langdon-hammer-the-century,The Century,Langdon Hammer,"January 19, 2022",
Essays,https://yalereview.org/article/jason-guriel-against-the-stream,Against the Stream,Jason Guriel,"January 10, 2022",
Essays,https://yalereview.org/article/marlena-williams-mother-the-exorcist,My Mother and The Exorcist,Marlena Williams,"December 20, 2021",
Essays,https://yalereview.org/article/life-post-lockdown-poe-ogden,On Going Outside,Emily Ogden,"December 13, 2021",
From the Archives,https://yalereview.org/article/from-siberia-to-siberia,From “Siberia” to Siberia,Vivian Gornick,"December 1, 2021",See this issue
Essays,https://yalereview.org/article/aids-iliad-paul-monette-achilles,Paul Monette's AIDS Poetry,Ellis Jaewon Yeo,"December 1, 2021",
Drama,https://yalereview.org/article/nathan-alan-davis-writing-nat-turner,Revising Nat Turner,Nathan Alan Davis,"December 1, 2021",See this issue
Essays,https://yalereview.org/article/kate-briggs-bessette-french-fiction,Discovering Hélène Bessette,Kate Briggs,"December 1, 2021",See this issue
Essays,https://yalereview.org/article/the-power-of-testimony,The Power of Testimony,Vivian Gornick,"December 1, 2021",See this issue
Windham Campbell Prizes,https://yalereview.org/article/directors-note-1,A note from the director of the Windham Campbell prizes,Michael Kelleher,"December 1, 2021",See this issue
Essays,https://yalereview.org/article/the-screen-is-a-mirror,The Screen is a Mirror,S. Brook Corfman,"November 22, 2021",
Essays,https://yalereview.org/article/my-voice-has-outed-me-my-whole-life,My Queer Voice,Zachary Pace,"November 15, 2021",
Essays,https://yalereview.org/article/michael-jackson-becoming-playwright-storytelling,Becoming a Playwright,Michael R. Jackson,"November 10, 2021",See this issue
Essays,https://yalereview.org/article/ballet-sexual-assault-recovery,Battle Scene,Ian Spencer Bell,"October 18, 2021",
Essays,https://yalereview.org/article/small-death,A Small Death in the Family,Craig Morgan Teicher,"October 12, 2021",
Television,https://yalereview.org/article/has-anyone-talked-about-how-it-feels,Has Anyone Talked About How It Feels,Kathryn Lofton,"September 20, 2021",See this issue
Books,https://yalereview.org/article/aids-elegies-after-ashbery,How to Continue,Sam Huber,"September 20, 2021",See this issue
Essays,https://yalereview.org/article/in-pursuit-of-clancy-sigal,In Pursuit of Clancy Sigal,Todd Gitlin,"September 20, 2021",See this issue
Essays,https://yalereview.org/article/now-is-pretty-creepy,Now Is Pretty Creepy,Min Li Chan,"September 20, 2021",See this issue
Portfolio,https://yalereview.org/article/reimagining-the-battle-of-algiers,Reimagining the Battle of Algiers,Kate Liebman,"September 20, 2021",See this issue
The Moment,https://yalereview.org/article/strangers-in-our-own-homes,Strangers in Our Own Homes,Divya Victor,"September 20, 2021",See this issue
Essays,https://yalereview.org/article/the-brink-of-destruction,The Brink of Destruction,Edward Hirsch,"September 20, 2021",See this issue
Essays,https://yalereview.org/article/suicide-in-fiction-reconsidered,"Suicide in Fiction, Reconsidered",Morgan Thomas,"September 7, 2021",
Essays,https://yalereview.org/article/in-the-riot-grrrl-archive,In the Riot Grrrl Archive,Rachel Greenwald Smith,"July 19, 2021",
Essays,https://yalereview.org/article/lullaby,Lullaby,Chloe Garcia Roberts,"July 12, 2021",
Essays,https://yalereview.org/article/how-to-come-back-to-life,How to Come Back to Life,Emily Ogden,"June 28, 2021",See this issue
Essays,https://yalereview.org/article/kearney-i-killed-i-died,"I Killed, I Died",Douglas Kearney,"June 28, 2021",See this issue
Books,https://yalereview.org/article/asokan-machado-de-assiss-afterlives,Machado de Assis’s Afterlives,Ratik Asokan,"June 28, 2021",See this issue
Books,https://yalereview.org/article/scranton-nguyen-committed-no-man,No-No Man,Roy Scranton,"June 28, 2021",See this issue
Portfolio,https://yalereview.org/article/manaugh-portfolio-terrains-of-imaginary,Terrains of the Imaginary,Geoff Manaugh,"June 28, 2021",See this issue
Essays,https://yalereview.org/article/diaz-essay-heart-of-fiction,The Heart of Fiction,Hernan Diaz,"June 28, 2021",See this issue
Essays,https://yalereview.org/article/kaza-bourgeois-subject-pain,The Subject of Pain,Madhu H. Kaza,"June 28, 2021",See this issue
Essays,https://yalereview.org/article/small-staid-essay-what-space,What Space is For,Mairead Small Staid,"June 28, 2021",See this issue
Essays,https://yalereview.org/article/picturing-catastrophe-rizvana-bradley,Picturing Catastrophe,Rizvana Bradley,"May 25, 2021",See this issue
Essays,https://yalereview.org/article/and-finally-ill-say-goodbye-1,And Finally I'll Say Goodbye,Rebecca Chace,"May 19, 2021",See this issue
Portfolio,https://yalereview.org/article/exile-and-memory,Exile and Memory,Amak Mahmoodian,"May 19, 2021",See this issue
Books,https://yalereview.org/article/incalculable-loss,Incalculable Loss,Christopher Spaide,"May 19, 2021",See this issue
Criticism,https://yalereview.org/article/it-me,It Me,Marta Figlerowicz,"May 19, 2021",See this issue
Letters,https://yalereview.org/article/merrills-last-letters,Merrill's Last Letters,James Merrill,"May 19, 2021",See this issue
The Moment,https://yalereview.org/article/on-rereading,On Rereading,Victor Brombert,"May 19, 2021",See this issue
Essays,https://yalereview.org/article/stalking-1,My Year of Stalking Rachel,Becca Rothfeld,"May 19, 2021",See this issue
Essays,https://yalereview.org/article/the-wrong-daddy,The Wrong Daddy,Jeremy Atherton Lin,"May 19, 2021",See this issue
Essays,https://yalereview.org/article/there-i-almost-am,There I Almost Am,Jean Garnett,"May 19, 2021",See this issue
Essays,https://yalereview.org/article/we-have-a-body,We Have a Body,Suzanne Koven,"May 19, 2021",
Essays,https://yalereview.org/article/going-to-lvov,Remembering Adam Zagajewski,Ilya Kaminsky,"May 6, 2021",
Essays,https://yalereview.org/article/wild-sublime-body,"The Wild, Sublime Body",Melissa Febos,"March 10, 2021",
Books,https://yalereview.org/article/olga-tokarczuks-radical-tenderness,Olga Tokarczuk’s Radical Tenderness,Marek Makowski,"February 16, 2021",
Essays,https://yalereview.org/article/against-abdicating-power-big-tech,Against Abdicating Power to Big Tech,Claire Bond Potter,"February 1, 2021",
Pandemic Files,https://yalereview.org/article/my-summer-julien-gracq,My Summer of Julien Gracq,Seth Lerer,"January 11, 2021",
Television,https://yalereview.org/article/act-your-age,Act Your Age,Benjamin Naddaff-Hafrey,"December 21, 2020",
Essays,https://yalereview.org/article/bhanu-kapil-diary-notes-upon-arrival,Notes Upon Arrival,Bhanu Kapil,"December 1, 2020",See this issue
Essays,https://yalereview.org/article/anne-boyer-langston-hughes-anti-extinction-engine,The Anti-Extinction Engine,Anne Boyer,"December 1, 2020",See this issue
Portfolio,https://yalereview.org/article/lorraine-ogrady-portfolio-art-cutting-out-cotnyt,The Cultural Construction of Identity,Lorraine O’Grady,"December 1, 2020",See this issue
Essays,https://yalereview.org/article/mixon-webster-hauntologies-slavery-dakar,The Hauntologies of Slavery,Jonah Mixon-Webster,"December 1, 2020",See this issue
Essays,https://yalereview.org/article/anne-boyer-capitalism-heavy-air,The Heavy Air,Anne Boyer,"December 1, 2020",See this issue
Essays,https://yalereview.org/article/namwali-serpell-unbothered-black-nonchalance,Unbothered,Namwali Serpell,"December 1, 2020",See this issue
Essays,https://yalereview.org/article/samuel-r-delany-science-fiction-why-i-write,Why I Write,Samuel R. Delany,"December 1, 2020",See this issue
Essays,https://yalereview.org/article/maria-tumarkin-wildness-feminism-undiminished,Wildness,Maria Tumarkin,"December 1, 2020",See this issue
Essays,https://yalereview.org/article/did-i-write-feel-good-book,Did I Write a Feel-Good Book?,Philippe Lançon,"November 23, 2020",
Art,https://yalereview.org/article/untitled-event,Untitled (Event),Ann Lauterbach,"November 16, 2020",
Essays,https://yalereview.org/article/wondrous-banality-democracy,The Wondrous Banality of Democracy,John Fabian Witt,"November 13, 2020",
,https://yalereview.org/article/witness-survival,A Witness to Survival,Hannah Sassoon,"September 24, 2020",
Portfolio,https://yalereview.org/article/forgers-art,A Forger’s Art,Adolfo Kaminsky,"September 1, 2020",See this issue
Essays,https://yalereview.org/article/everything-bright-something-burned,Everything Bright Is Something Burned,Erica Berry,"September 1, 2020",See this issue
Essays,https://yalereview.org/article/lovecraft-and-me,Lovecraft and Me,Kieran Setiya,"September 1, 2020",See this issue
Essays,https://yalereview.org/article/my-silent-childhood,My Silent Childhood,Maureen Sun,"September 1, 2020",See this issue
Essays,https://yalereview.org/article/soup-can-or-hospitality,"Soup Can; or, On Hospitality",Wendy S. Walters,"September 1, 2020",See this issue
Pandemic Files,https://yalereview.org/article/i-cant-sleep,I Can’t Sleep,Emily Bernard,"June 15, 2020",See this issue
Essays,https://yalereview.org/article/after-my-brother,After My Brother,Brianna Zimmerman,"June 1, 2020",See this issue
Film,https://yalereview.org/article/atmosphere,In the Atmosphere,Lindsay Turner,"June 1, 2020",See this issue
Portfolio,https://yalereview.org/article/photographing-george-floyd-protests,Photographing the George Floyd Protests,Alex Golshani,"June 1, 2020",See this issue
Books,https://yalereview.org/article/speech-acts,Speech Acts,Vidyan Ravinthiran,"June 1, 2020",See this issue
Essays,https://yalereview.org/article/temps,Temps,Victoria Kornick,"June 1, 2020",See this issue
Books,https://yalereview.org/article/unthinkable,The Unthinkable,David L. Ulin,"June 1, 2020",See this issue
Essays,https://yalereview.org/article/uses-memory,The Uses of Memory,Roger Reeves,"June 1, 2020",See this issue
Books,https://yalereview.org/article/tove-janssons-genius,Tove Jansson’s Genius,Evan James,"June 1, 2020",See this issue
Pandemic Files,https://yalereview.org/article/profound-horror-mass-grave,The Profound Horror of the Mass Grave,Kathryn Lofton,"May 19, 2020",See this issue
Pandemic Files,https://yalereview.org/article/sirenland,Sirenland,Briallen Hopper,"April 8, 2020",See this issue
Pandemic Files,https://yalereview.org/article/passing-through-danger,Passing through Danger,Joan Naviyuk Kane,"April 3, 2020",See this issue
Portfolio,https://yalereview.org/article/maria-lax,A Photographer Reimagines the Northern Lights,Maria Lax,"April 1, 2020",See this issue
Essays,https://yalereview.org/article/commutes-are-driving-us-despair-design,Driving Us to Despair,Jess Row,"April 1, 2020",See this issue
Essays,https://yalereview.org/article/copying-lying,Copying & Lying,Eileen Myles,"April 1, 2020",See this issue
Essays,https://yalereview.org/article/tyranny,Is This Tyranny?,Feisal G. Mohamed,"April 1, 2020",See this issue
Pandemic Files,https://yalereview.org/article/cannon-fodder,Cannon Fodder,Laura Kolbe,"March 27, 2020",See this issue
,https://yalereview.org/article/do-they-dare-impeach,Do They Dare to Impeach?,Feisal G. Mohamed,"January 23, 2020",
Essays,https://yalereview.org/article/common-seagull,A Common Seagull,Sheila Heti,"January 1, 2020",See this issue
Portfolios,https://yalereview.org/article/art-consuelo-kanaga,Art: Consuelo Kanaga,Eugenia Bell,"January 1, 2020",See this issue
Essays,https://yalereview.org/article/broken-doll,Broken Doll,Carlos Manuel Álvarez,"January 1, 2020",See this issue
Essays,https://yalereview.org/article/changing-my-mind,Changing My Mind,Lydia Davis,"January 1, 2020",See this issue
Essays,https://yalereview.org/article/ghosts-my-nursery,Ghosts in My Nursery,Miranda Featherstone,"January 1, 2020",See this issue
Essays,https://yalereview.org/article/centennial,In Centennial,Cathy Park Hong,"January 1, 2020",See this issue
Essays,https://yalereview.org/article/loss,Loss,Sarah Manguso,"January 1, 2020",See this issue
Essays,https://yalereview.org/article/stereopticon,Stereopticon,Emily Bernard,"January 1, 2020",See this issue
Essays,https://yalereview.org/article/still-love,Still to Love,Langdon Hammer,"January 1, 2020",See this issue
Essays,https://yalereview.org/article/skin-youre,The Skin You’re In,Molly McCully Brown,"January 1, 2020",See this issue
Obituaries,https://yalereview.org/article/memoriam-marie-borroff-1923-2019,"In Memoriam: Marie Borroff, 1923–2019",The Editors,"July 10, 2019",
Music,https://yalereview.org/article/music-review-films-operas,From Films to Operas,Dewey Faulkner,"July 1, 2019",See this issue
Criticism,https://yalereview.org/article/time-remains-reflections-poetry-derek-mahon,In the Time That Remains,Oana Sanziana Marian,"July 1, 2019",See this issue
Essays,https://yalereview.org/article/listening-provinces,Listening to the Provinces,Shifra Sharlin,"July 1, 2019",See this issue
Film,https://yalereview.org/article/film-review-roma,"On ""Roma""",Charles Taylor,"July 1, 2019",See this issue
Criticism,https://yalereview.org/article/one-mans-modernism-j-r-r-tolkien,One Man’s Modernism,James Trilling,"July 1, 2019",See this issue
Books,https://yalereview.org/article/fiction-review-uwe-johnson,The Fiction of Uwe Johnson,Marta Figlerowicz,"July 1, 2019",See this issue
Film,https://yalereview.org/article/film-review-italian-cinema,The Films of Alice Rohrwacher,Elizabeth Leake,"July 1, 2019",See this issue
Essays,https://yalereview.org/article/virtues-and-vices-speech,The Virtues and Vices of Speech,Giovanni Gioviano Pontano,"July 1, 2019",See this issue
essays,https://yalereview.org/article/wild-man-within,The Wild Man Within,Jeff Wheelwright,"July 1, 2019",See this issue
Essays,https://yalereview.org/article/i-harbor-stillborn-scribe-german-tongue-me,I Harbor a Stillborn Scribe of the German Tongue in Me,Peter Wortsman,"May 13, 2019",
Essays,https://yalereview.org/article/what-we-leave,What We Leave,Sara Schaff,"April 15, 2019",
Essays,https://yalereview.org/article/cremation-society-kentucky,Cremation Society of Kentucky,Raymond Abbott,"April 8, 2019",
Essays,https://yalereview.org/article/cultural-differences,Cultural Differences,Jennifer Acker,"April 1, 2019",See this issue
Essays,https://yalereview.org/article/music-second-person,Music in the Second Person,Mark Mazullo,"April 1, 2019",See this issue
Essays,https://yalereview.org/article/myth-and-anarchy,Myth and Anarchy,Matthew Spellberg,"April 1, 2019",See this issue
Essays,https://yalereview.org/article/nothing-new-under-sun,Nothing New Under the Sun,Emily Bernard,"April 1, 2019",See this issue
Books,https://yalereview.org/article/fiction-review-kaddishcom,"On ""kaddish.com""",David Galef,"April 1, 2019",See this issue
Books,https://yalereview.org/article/poetry-review-nine-recent-collections,On Nine Recent Collections,Stephanie Burt,"April 1, 2019",See this issue
Essays,https://yalereview.org/article/hall-mills-murder-trial-1926,"The Hall-Mills Murder Trial, 1926",Harold Schechter,"April 1, 2019",
Essays,https://yalereview.org/article/sitting-table-stein-and-ashbery,“Sitting at the Table” with Stein and Ashbery,Karin Roffman,"April 1, 2019",See this issue
Essays,https://yalereview.org/article/lonely-hearts-killer-1957-1958,"“The Lonely Hearts Killer,” 1957-1958",Harold Schechter,"March 18, 2019",
Essays,https://yalereview.org/article/how-after-quake-you-returned-what-was-lost,How After the Quake You Returned to What Was Lost,Éireann Lorsung,"March 11, 2019",
Essays,https://yalereview.org/article/american-tragedy-murder-1906,"The “American Tragedy” Murder, 1906",Harold Schechter,"March 4, 2019",
Essays,https://yalereview.org/article/ode-my-fathers-boots,Ode to my Father’s Boots,Cornelius Eady,"February 28, 2019",
Essays,https://yalereview.org/article/sausage-vat-murder-1897,"The “Sausage Vat Murder,” 1897",Harold Schechter,"February 18, 2019",
Essays,https://yalereview.org/article/philip-roth-landlord,"Philip Roth, Landlord",Terena Elizabeth Bell,"February 4, 2019",
Essays,https://yalereview.org/article/what-emergency,What Is An Emergency?,Feisal G. Mohamed,"January 14, 2019",
Essays,https://yalereview.org/article/natural-and-spiritual-freedom,Natural and Spiritual Freedom,Martin Hägglund,"January 1, 2019",See this issue
Essays,https://yalereview.org/article/prison-term,Prison Term,Peter Brooks,"January 1, 2019",See this issue
Essays,https://yalereview.org/article/still-image,"Still, Image",Gerard Malanga,"January 1, 2019",See this issue
Criticism,https://yalereview.org/article/angelus,The Angelus,Nan Z. Da,"January 1, 2019",See this issue
Essays,https://yalereview.org/article/what-you-have-heard-true,What You Have Heard Is True,Carolyn Forché,"January 1, 2019",See this issue
Books,https://yalereview.org/article/they-dont-know-it-were-integrated,"“They Don’t Know It, but We’re Integrated”",Terry Reilly,"January 1, 2019",See this issue
Essays,https://yalereview.org/article/esmeralda,Esmeralda,Melissa Hunter Gurney,"December 24, 2018",
Essays,https://yalereview.org/article/old-place,The Old Place,Anna Lewis,"December 17, 2018",
Books,https://yalereview.org/article/bondage-and-freedom,Bondage and Freedom,David W. Blight,"October 1, 2018",See this issue
Essays,https://yalereview.org/article/computational-propaganda,Computational Propaganda,Renée DiResta,"October 1, 2018",See this issue
Essays,https://yalereview.org/article/getting-it-twisted,Getting It Twisted,Jabari Asim,"October 1, 2018",See this issue
Essays,https://yalereview.org/article/incarcerated-language,Incarcerated Language,Reginald Dwayne Betts,"October 1, 2018",See this issue
Essays,https://yalereview.org/article/leni-riefenstahl,Leni Riefenstahl,Francine Prose,"October 1, 2018",See this issue
Film,https://yalereview.org/article/film-review-hearts-beat-loud,Life Unamplified,Charles Taylor,"October 1, 2018",See this issue
Essays,https://yalereview.org/article/martyrs-and-robots,Of Martyrs and Robots,Megan Hyska,"October 1, 2018",See this issue
Music,https://yalereview.org/article/music-review-musicologist-nina-eidsheim,Racialized Timbre,Marit MacArthur,"October 1, 2018",See this issue
Essays,https://yalereview.org/article/weaponizing-reputation,The Misinformation Age,Cailin O’Connor,"October 1, 2018",See this issue
Essays,https://yalereview.org/article/walk-past-vines-past-orchards,"Walk Past the Vines, Past the Orchards",Meltem Gürle,"September 24, 2018",
Essays,https://yalereview.org/article/good-brother,The Good Brother,Mary Barnett,"September 12, 2018",
Essays,https://yalereview.org/article/piranhas-boy-bosses-naples,From The Piranhas: The Boy Bosses of Naples,Roberto Saviano,"August 29, 2018",
Essays,https://yalereview.org/article/instructive-formalities,Instructive Formalities,Mary Barnett,"August 13, 2018",
Essays,https://yalereview.org/article/hope,Hope,Mary Barnett,"July 30, 2018",
Essays,https://yalereview.org/article/day,On This Day,Mary Barnett,"July 16, 2018",
Essays,https://yalereview.org/article/mountaineers-imagination,A Mountaineer’s Imagination,Veronica Tomasic,"July 9, 2018",
Essays,https://yalereview.org/article/corporatism-professionalism,Corporatism/Professionalism,Feisal G. Mohamed,"July 3, 2018",
Essays,https://yalereview.org/article/bengali-baboo,Bengali Baboo,Deborah Baker,"July 1, 2018",See this issue
Books,https://yalereview.org/article/finding-prousts-duchess,Finding Proust’s Duchess,Hollie Harder,"July 1, 2018",See this issue
Essays,https://yalereview.org/article/great-aunt-dorothea-mendelssohn,Great Aunt Dorothea Mendelssohn,Lily Tuck,"July 1, 2018",See this issue
Essays,https://yalereview.org/article/tank,In the Tank,Tom Sleigh,"July 1, 2018",See this issue
Books,https://yalereview.org/article/fiction-review-mars-room,"On ""The Mars Room""",Abigail Deutsch,"July 1, 2018",See this issue
Music,https://yalereview.org/article/recordings-review-new-york-philharmonics-175th-anniversary,On The New York Philharmonic’s 175th Anniversary,Dewey Faulkner,"July 1, 2018",See this issue
Film,https://yalereview.org/article/film-review-springes-catch-woodcocks,Springes to Catch Woodcocks,Paul Franz,"July 1, 2018",See this issue
Essays,https://yalereview.org/article/unliving-hands,Unliving Hands,Adam Keller,"July 1, 2018",See this issue
Criticism,https://yalereview.org/article/wrestling-machado,Wrestling with Machado,Ilan Stavans,"July 1, 2018",See this issue
Essays,https://yalereview.org/article/murder-omie-wise-1808,"The Murder of “Omie Wise,” 1808",Harold Schechter,"June 29, 2018",
Essays,https://yalereview.org/article/colt-adams-affair-1841,"The Colt-Adams Affair, 1841",Harold Schechter,"June 25, 2018",
Essays,https://yalereview.org/article/sensitivity-enlightenment,Sensitivity/Enlightenment,Feisal G. Mohamed,"June 5, 2018",
Essays,https://yalereview.org/article/trunk-murders-1931,"The Trunk Murders, 1931",Harold Schechter,"May 27, 2018",
Essays,https://yalereview.org/article/religion-fundamentalism,Religion/Fundamentalism,Feisal G. Mohamed,"May 21, 2018",
Essays,https://yalereview.org/article/kidnapping-little-charley-ross-1874,"The Kidnapping of Little Charley Ross, 1874",Harold Schechter,"May 14, 2018",
Essays,https://yalereview.org/article/deep-politics-shallow-politics,"Deep Politics, Shallow Politics",Feisal G. Mohamed,"May 10, 2018",
Essays,https://yalereview.org/article/100-things-about-writing-novel,100 Things About Writing a Novel,Alexander Chee,"April 1, 2018",See this issue
Books,https://yalereview.org/article/problem-shared-feeling-jewish,A Problem Shared,Leah Mirakhor,"April 1, 2018",See this issue
Film,https://yalereview.org/article/film-review-her-guy-bradlee,Her Guy Bradlee,Charles Taylor,"April 1, 2018",See this issue
,https://yalereview.org/article/mayberry-usa,"Mayberry, USA",Yunte Huang,"April 1, 2018",See this issue
Music,https://yalereview.org/article/music-review-peter-doherty,Musician Peter Doherty,R. Clifton Spargo,"April 1, 2018",See this issue
Essays,https://yalereview.org/article/my-fountain-pen,My Fountain Pen,J. D. McClatchy,"April 1, 2018",See this issue
Essays,https://yalereview.org/article/reading,Reading,J. D. McClatchy,"April 1, 2018",See this issue
,https://yalereview.org/article/remembering-memoir,Remembering a Memoir,Alice Kaplan,"April 1, 2018",See this issue
Criticism,https://yalereview.org/article/fiction-review-afterlives-novel-thomas-pierce,The Afterlives,David Galef,"April 1, 2018",See this issue
Criticism,https://yalereview.org/article/poetry-review-annemarie-ni-churreain-miller-oberman,The Poetry of Annemarie Ní Churreáin and Miller Oberman,Danielle Chapman,"April 1, 2018",See this issue
Essays,https://yalereview.org/article/tolle-lege,"Tolle, Lege",Gregory Pardlo,"April 1, 2018",See this issue
Criticism,https://yalereview.org/article/ashberys-pastoral-art,Ashbery’s Pastoral Art,Giulio J. Pertile,"November 1, 2017",See this issue
Essays,https://yalereview.org/article/hms-bounty,HMS Bounty,Rachel Kushner,"November 1, 2017",See this issue
Books,https://yalereview.org/article/fiction-review-burning-girl-novel-claire-messud,On Claire Messud,Marta Figlerowicz,"November 1, 2017",See this issue
Books,https://yalereview.org/article/poetry-review-half-light-collected-poems-1965-2016-frank-bidart,On Frank Bidart,Christopher Spaide,"November 1, 2017",See this issue
Essays,https://yalereview.org/article/aquarists,The Aquarists,Seth Lerer,"November 1, 2017",See this issue
Music,https://yalereview.org/article/recordings-review-metropolitan-operas-fiftieth-anniversary,The Metropolitan Opera’s Fiftieth Anniversary,Dewey Faulkner,"November 1, 2017",See this issue
Essays,https://yalereview.org/article/turning-soil-cultivating-our-gardens-times-trouble,Turning the Soil,Jane Costlow,"November 1, 2017",See this issue
Essays,https://yalereview.org/article/whistleblower-traitor-soldier-queer,"Whistleblower, Traitor, Soldier, Queer?",Lida Maxwell,"November 1, 2017",See this issue
Journals,https://yalereview.org/article/russian-winter-journal-february-march-1967,A Journey Across Siberia,Lawrence Ferlinghetti,"July 1, 2015",See this issue
From the Archives,https://yalereview.org/article/cynthia-zarin-walcott-heaney,Poetry in Review,Cynthia Zarin,"April 1, 2011",See this issue
From The Archives,https://yalereview.org/article/anne-fadiman-my-old-printer,My Old Printer,Anne Fadiman,"March 12, 2011",See this issue
Essays,https://yalereview.org/article/edith-wharton-hermione-lee,The Republic of Letters,Hermione Lee,"April 1, 2007",See this issue
From the Archives,https://yalereview.org/article/stephen-yenser-charles-simic,Charles Simic,Stephen Yenser,"April 1, 2002",See this issue
From the Archives,https://yalereview.org/article/holly-wright-photographs-hands,Secret Maps,Charles Simic,"October 1, 1996",See this issue
From the Archives,https://yalereview.org/article/edward-said-culture-imperialism,The Imperial Embrace,Linda Colley,"October 1, 1993",See this issue
Essays,https://yalereview.org/article/days-of-1952,Days of 1952,James Merrill,"April 1, 1992",See this issue
From the Archives,https://yalereview.org/article/marilynne-robinson-fiction-in-review,Fiction in Review,Marilynne Robinson,"April 1, 1992",See this issue
From the Archives,https://yalereview.org/article/charles-simic-cornell-notebooks,From My Cornell Notebooks,Charles Simic,"April 1, 1992",See this issue
From The Archives,https://yalereview.org/article/robert-pinsky-poetry-in-review,Poetry In Review: Robert Pinsky,Robert Pinsky,"April 1, 1992",See this issue
From The Archives,https://yalereview.org/article/william-weaver-recordings-in-review,Recordings in Review,William Weaver,"April 1, 1992",See this issue
From the Archives,https://yalereview.org/article/carson-short-talks,Short Talks,Anne Carson,"July 1, 1991",See this issue
From the Archives,https://yalereview.org/article/vendler-eliot-waste-land,"""The Waste Land"" Revisited",Helen Vendler,"December 1, 1990",See this issue
From the Archives,https://yalereview.org/article/cynthia-zarin-sylvia-plath,Forensic Biography,Cynthia Zarin,"November 1, 1990",See this issue
From the Archives,https://yalereview.org/article/rachel-hadas-greece-essay,Mornings in Ormos,Rachel Hadas,"May 1, 1990",See this issue
From the Archives,https://yalereview.org/article/merrill-eliot-love-song-alfred-prufrock,"""The Love Song of J. Alfred Prufrock""",James Merrill,"December 1, 1989",See this issue
From the Archives,https://yalereview.org/article/wilbur-eliot-ash-wednesday,Ash-Wednesday,Richard Wilbur,"December 1, 1989",See this issue
From the Archives,https://yalereview.org/article/hecht-eliot-waste-land,The First Eighteen Lines of The Waste Land,Anthony Hecht,"December 1, 1989",See this issue
From the Archives,https://yalereview.org/article/ts-eliot-poem-french,Grave Prattle,William Arrowsmith,"September 1, 1989",See this issue
From the Archives,https://yalereview.org/article/vincent-price-on-greta-garbo,A Legend in My Life,Vincent Price,"July 1, 1988",See this issue
From the Archives,https://yalereview.org/article/annie-dillard-making-contact-essay,Making Contact,Annie Dillard,"July 1, 1988",See this issue
From the Archives,https://yalereview.org/article/roe-womens-rights-cott,Women's Rights: Unspeakable Issues in the Constitution,Nancy F. Cott,"June 1, 1988",See this issue
,https://yalereview.org/article/charles-olson-and-an-american-place,Charles Olson and an American Place,Francine du Plessix Gray,"April 1, 1987",See this issue
From the Archives,https://yalereview.org/article/annie-dillard-singing-with-fundamentalists,Singing with the Fundamentalists,Annie Dillard,"January 1, 1985",See this issue
From the Archives,https://yalereview.org/article/menand-eliot-revisionists-revised,Revisionists Revised,Louis Menand,"October 1, 1984",See this issue
From the Archives,https://yalereview.org/article/richard-howard-leo-bersani-mallarmé-bataille,Mallarmé and Bataille,Richard Howard,"October 1, 1982",
Essays,https://yalereview.org/article/naming-being-and-black-experience,"Naming, Being, and Black Experience",Michael G. Cooke,"December 1, 1977",See this issue
Essays,https://yalereview.org/article/tolstoyans,The Tolstoyans,Alexandra Tolstoy,"December 1, 1977",See this issue
Essays,https://yalereview.org/article/creativity-poetic-language-and-computer,"Creativity, Poetic Language, and the Computer",Marie Borroff,"June 1, 1971",See this issue
Essays,https://yalereview.org/article/journal-plague,A Journal of the Plague,Francis Russell,"December 1, 1958",See this issue
Essays,https://yalereview.org/article/note-home-front,Note on the Home Front,Eve Riehle,"September 1, 1945",See this issue
Essays,https://yalereview.org/article/after-visit-england,After a Visit to England,Thornton Wilder,"September 1, 1941",See this issue
From the Archives,https://yalereview.org/article/trotsky-hitlers-national-socialism,Hitler’s National Socialism,Leon Trotsky,"December 1, 1933",See this issue
Essays,https://yalereview.org/article/thirty-clocks-strike-hour,Thirty Clocks Strike the Hour,Vita Sackville-West,"September 1, 1929",See this issue
From the Archives,https://yalereview.org/article/edith-wharton-craft-fiction,Visibility in Fiction,Edith Wharton,"March 1, 1929",See this issue
From the Archives,https://yalereview.org/article/edith-wharton-american-novel,The Great American Novel,Edith Wharton,"July 1, 1927",See this issue
From the Archives,https://yalereview.org/article/virginia-woolf-essay-how-should-read-book,How Should One Read a Book?,Virginia Woolf,"September 1, 1926",See this issue
Letters,https://yalereview.org/article/saint-phalle-life-art,Niki de Saint Phalle's Inner World,Nicole Rudick,,
Ideas,https://yalereview.org/article/coachella-woodstock-festivals-wecrashed,The All Play No Fun Economy,Jessikah Díaz,,
,https://yalereview.org/article/the-impact-of-translation,The Impact of Translation,Seamus Heaney,,
